{"stats":{"minecraft:used":{"armaduras:v_dungeonarmor_boots":1,"minecraft:netherite_sword":27,"armaduras:pruebape_chestplate":3,"minecraft:redstone_block":3,"armaduras:armadura_ajolote_armor_helmet":2,"armaduras:v_dungeonarmor_leggings":1,"objetos:flashbang_spawn_egg":69,"armaduras:pruebape_boots":2,"minecraft:tnt":138,"minecraft:ice":6,"armaduras:pruebape_leggings":3,"minecraft:enchanted_golden_apple":8,"minecraft:splash_potion":25},"minecraft:custom":{"minecraft:time_since_rest":376,"minecraft:walk_one_cm":22462,"minecraft:sprint_one_cm":13972,"minecraft:damage_absorbed":418,"minecraft:damage_taken":1054,"minecraft:drop":2,"minecraft:damage_dealt":1102,"minecraft:swim_one_cm":1483,"minecraft:fly_one_cm":44598,"minecraft:player_kills":1,"minecraft:crouch_one_cm":3184,"minecraft:play_time":18448,"minecraft:deaths":3,"minecraft:sneak_time":1763,"minecraft:walk_under_water_one_cm":2969,"minecraft:jump":263,"minecraft:leave_game":1,"minecraft:time_since_death":177,"minecraft:walk_on_water_one_cm":2732,"minecraft:total_world_time":18448,"minecraft:damage_resisted":150,"minecraft:fall_one_cm":8949},"minecraft:mined":{"minecraft:ice":1},"minecraft:killed_by":{"minecraft:player":2},"minecraft:picked_up":{"armaduras:pruebape_leggings":5,"totems:totem_nutria":4,"objetos:flashbang_spawn_egg":58,"armaduras:pruebape_boots":4,"armaduras:v_dungeonarmor_boots":2,"armaduras:ultiarmor_helmet":1,"armaduras:armadura_ajolote_armor_helmet":3,"armaduras:pruebape_chestplate":5,"armaduras:v_dungeonarmor_leggings":2,"minecraft:netherite_sword":3,"armaduras:v_dungeonarmor_chestplate":1,"armaduras:v_dungeonarmor_helmet":1,"armaduras:ultiarmor_chestplate":1,"armaduras:ultiarmor_boots":1,"minecraft:enchanted_golden_apple":64,"armaduras:ultiarmor_leggings":1},"minecraft:dropped":{"totems:totem_nutria":2}},"DataVersion":3337}