{"stats":{"minecraft:used":{"objetos:flashbang_spawn_egg":10,"armaduras:pruebape_boots":2,"armaduras:pruebape_chestplate":2,"armaduras:pruebape_leggings":3,"minecraft:ice":6,"armaduras:armadura_ajolote_armor_helmet":2},"minecraft:custom":{"minecraft:time_since_rest":690,"minecraft:damage_taken":536,"minecraft:damage_absorbed":80,"minecraft:crouch_one_cm":893,"minecraft:play_time":6448,"minecraft:sprint_one_cm":4846,"minecraft:walk_one_cm":8921,"minecraft:deaths":2,"minecraft:sneak_time":556,"minecraft:drop":1,"minecraft:jump":43,"minecraft:damage_dealt":83,"minecraft:leave_game":1,"minecraft:time_since_death":663,"minecraft:total_world_time":6448,"minecraft:fall_one_cm":2506,"minecraft:fly_one_cm":3167},"minecraft:killed_by":{"minecraft:player":2},"minecraft:picked_up":{"armaduras:pruebape_leggings":4,"totems:totem_nutria":3,"armaduras:ultiarmor_helmet":1,"armaduras:armadura_ajolote_armor_helmet":3,"armaduras:pruebape_chestplate":3,"armaduras:v_dungeonarmor_leggings":1,"minecraft:netherite_sword":2,"armaduras:v_dungeonarmor_chestplate":1,"armaduras:pruebape_boots":2,"armaduras:ultiarmor_chestplate":1,"armaduras:v_dungeonarmor_helmet":1,"armaduras:ultiarmor_boots":1,"armaduras:ultiarmor_leggings":1,"armaduras:v_dungeonarmor_boots":1},"minecraft:dropped":{"totems:totem_nutria":1}},"DataVersion":3337}