{"stats":{"minecraft:killed":{"objetos:jarripalido":2},"minecraft:used":{"minecraft:creeper_spawn_egg":6,"armaduras:v_dungeonarmor_boots":5,"minecraft:netherite_sword":7,"objetos:jarripalido_spawn_egg":2,"armaduras:pruebape_chestplate":6,"armaduras:armadura_ajolote_armor_helmet":4,"minecraft:totem_of_undying":1,"armaduras:ultiarmor_boots":7,"objetos:flashbang_spawn_egg":4,"armaduras:pruebape_boots":11,"armaduras:ultiarmor_helmet":1,"armaduras:ultiarmor_chestplate":3,"armaduras:ultiarmor_leggings":1,"armaduras:pruebape_leggings":2,"minecraft:ice":6},"minecraft:custom":{"minecraft:time_since_rest":14030,"minecraft:sprint_one_cm":7280,"minecraft:damage_taken":1005,"minecraft:walk_one_cm":28316,"minecraft:mob_kills":4,"minecraft:drop":28,"minecraft:damage_dealt":245,"minecraft:swim_one_cm":746,"minecraft:fly_one_cm":13568,"minecraft:player_kills":2,"minecraft:crouch_one_cm":1529,"minecraft:play_time":14030,"minecraft:sneak_time":441,"minecraft:walk_under_water_one_cm":809,"minecraft:jump":74,"minecraft:leave_game":2,"minecraft:time_since_death":13828,"minecraft:walk_on_water_one_cm":488,"minecraft:total_world_time":14030,"minecraft:fall_one_cm":978},"minecraft:picked_up":{"totems:totem_nutria":1,"armaduras:pruebape_boots":3,"minecraft:ice":1,"minecraft:sand":9,"armaduras:armadura_ajolote_armor_helmet":4,"armaduras:pruebape_chestplate":3,"minecraft:netherite_sword":5,"armaduras:v_dungeonarmor_helmet":1,"armaduras:ultiarmor_leggings":1,"minecraft:snowball":4,"armaduras:pruebape_leggings":3},"minecraft:dropped":{"armaduras:v_dungeonarmor_leggings":1,"armaduras:armadura_ajolote_armor_helmet":3,"armaduras:pruebape_boots":3,"armaduras:ultiarmor_helmet":1,"armaduras:ultiarmor_leggings":1,"armaduras:v_dungeonarmor_chestplate":1,"armaduras:ultiarmor_chestplate":1,"armaduras:pruebape_leggings":3,"minecraft:netherite_sword":6,"armaduras:ultiarmor_boots":1,"totems:totem_nutria":2,"armaduras:pruebape_chestplate":3,"armaduras:v_dungeonarmor_boots":1,"armaduras:v_dungeonarmor_helmet":1}},"DataVersion":3337}