{"stats":{"minecraft:killed":{"objetos:jarripalido":2},"minecraft:used":{"armaduras:v_dungeonarmor_boots":5,"minecraft:netherite_sword":7,"objetos:jarripalido_spawn_egg":2,"armaduras:pruebape_chestplate":7,"minecraft:ender_pearl":3,"armaduras:armadura_ajolote_armor_helmet":6,"minecraft:totem_of_undying":1,"armaduras:ultiarmor_boots":7,"objetos:flashbang_spawn_egg":11,"armaduras:v_dungeonarmor_helmet":2,"armaduras:pruebape_boots":11,"armaduras:ultiarmor_helmet":1,"armaduras:ultiarmor_chestplate":3,"armaduras:ultiarmor_leggings":1,"minecraft:ice":6,"armaduras:pruebape_leggings":2,"minecraft:splash_potion":2,"minecraft:creeper_spawn_egg":6},"minecraft:custom":{"minecraft:sprint_one_cm":16235,"minecraft:damage_taken":3130,"minecraft:damage_absorbed":256,"minecraft:walk_one_cm":45209,"minecraft:mob_kills":4,"minecraft:drop":31,"minecraft:damage_dealt":245,"minecraft:swim_one_cm":4472,"minecraft:fly_one_cm":50420,"minecraft:player_kills":2,"minecraft:crouch_one_cm":2072,"minecraft:play_time":26029,"minecraft:deaths":2,"minecraft:sneak_time":636,"minecraft:walk_under_water_one_cm":5466,"minecraft:jump":244,"minecraft:leave_game":3,"minecraft:walk_on_water_one_cm":2364,"minecraft:time_since_death":8135,"minecraft:total_world_time":26029,"minecraft:fall_one_cm":4926,"minecraft:time_since_rest":8164},"minecraft:mined":{"minecraft:ice":4},"minecraft:killed_by":{"minecraft:player":1},"minecraft:picked_up":{"armaduras:pruebape_leggings":3,"totems:totem_nutria":3,"armaduras:pruebape_boots":3,"minecraft:ice":1,"minecraft:sand":9,"minecraft:dirt":13,"armaduras:armadura_ajolote_armor_helmet":5,"armaduras:pruebape_chestplate":4,"minecraft:netherite_sword":5,"armaduras:v_dungeonarmor_helmet":2,"armaduras:ultiarmor_leggings":2,"minecraft:snowball":12},"minecraft:dropped":{"armaduras:v_dungeonarmor_leggings":1,"armaduras:v_dungeonarmor_helmet":1,"armaduras:pruebape_boots":3,"armaduras:armadura_ajolote_armor_helmet":3,"armaduras:ultiarmor_helmet":1,"armaduras:ultiarmor_leggings":1,"armaduras:v_dungeonarmor_chestplate":1,"armaduras:ultiarmor_chestplate":1,"armaduras:pruebape_leggings":3,"minecraft:netherite_sword":6,"minecraft:enchanted_golden_apple":64,"armaduras:ultiarmor_boots":1,"totems:totem_nutria":4,"armaduras:pruebape_chestplate":3,"armaduras:v_dungeonarmor_boots":1}},"DataVersion":3337}